"","time","PM25"
"1",2022-04-30 17:00:00,6.88323355558825
"2",2022-04-30 18:00:00,7.78820702486478
"3",2022-04-30 19:00:00,7.53656899386697
"4",2022-04-30 20:00:00,7.48385582835214
"5",2022-04-30 21:00:00,7.7870527219703
"6",2022-04-30 22:00:00,7.37227321521855
"7",2022-04-30 23:00:00,6.74664104640748
"8",2022-05-01 00:00:00,6.67815240800135
"9",2022-05-01 01:00:00,8.36151079579252
"10",2022-05-01 02:00:00,12.1272316052353
"11",2022-05-01 03:00:00,12.4331218722739
"12",2022-05-01 04:00:00,11.8224956410912
"13",2022-05-01 05:00:00,12.4685204943715
"14",2022-05-01 06:00:00,12.4477430422707
"15",2022-05-01 07:00:00,10.5512233866313
"16",2022-05-01 08:00:00,8.22222491319128
"17",2022-05-01 09:00:00,6.58465387354803
"18",2022-05-01 10:00:00,6.11062015154604
"19",2022-05-01 11:00:00,5.64697515559441
"20",2022-05-01 12:00:00,5.24912542462845
"21",2022-05-01 13:00:00,5.0240363602038
"22",2022-05-01 14:00:00,5.12176733860357
"23",2022-05-01 15:00:00,5.27875253225358
"24",2022-05-01 16:00:00,5.83397222450104
"25",2022-05-01 17:00:00,6.50654604435452
"26",2022-05-01 18:00:00,7.01905652950603
"27",2022-05-01 19:00:00,7.50193990703241
"28",2022-05-01 20:00:00,7.89132475010548
"29",2022-05-01 21:00:00,7.85592612800792
"30",2022-05-01 22:00:00,8.16912698004496
"31",2022-05-01 23:00:00,8.46732189445368
"32",2022-05-02 00:00:00,7.91056313168023
"33",2022-05-02 01:00:00,9.69011342734519
"34",2022-05-02 02:00:00,12.1249229994463
"35",2022-05-02 03:00:00,8.69741293808776
"36",2022-05-02 04:00:00,7.53349085281501
"37",2022-05-02 05:00:00,7.34303087522492
"38",2022-05-02 06:00:00,7.15641857394979
"39",2022-05-02 07:00:00,6.50115929751359
"40",2022-05-02 08:00:00,5.6716002840101
"41",2022-05-02 09:00:00,5.09329453387293
"42",2022-05-02 10:00:00,5.25989891831032
"43",2022-05-02 11:00:00,5.19679702674512
"44",2022-05-02 12:00:00,5.20795528805847
"45",2022-05-02 13:00:00,5.11561105649964
"46",2022-05-02 14:00:00,5.10522233044928
"47",2022-05-02 15:00:00,5.43612249353508
"48",2022-05-02 16:00:00,6.65160344142818
"49",2022-05-02 17:00:00,6.51193279119545
"50",2022-05-02 18:00:00,6.8393700455978
"51",2022-05-02 19:00:00,8.11718334979311
"52",2022-05-02 20:00:00,8.7655168088624
"53",2022-05-02 21:00:00,8.40422000288848
"54",2022-05-02 22:00:00,8.25723876765734
"55",2022-05-02 23:00:00,8.25569969713136
"56",2022-05-03 00:00:00,8.36882138079093
"57",2022-05-03 01:00:00,8.1818243118843
"58",2022-05-03 02:00:00,8.37690150105232
"59",2022-05-03 03:00:00,7.66007940357691
"60",2022-05-03 04:00:00,8.1656640713615
"61",2022-05-03 05:00:00,6.80512572639474
"62",2022-05-03 06:00:00,5.02596019836128
"63",2022-05-03 07:00:00,4.35877312534873
"64",2022-05-03 08:00:00,4.1640807038122
"65",2022-05-03 09:00:00,4.0301815680519
"66",2022-05-03 10:00:00,3.94437838622848
"67",2022-05-03 11:00:00,3.68581453786376
"68",2022-05-03 12:00:00,3.74968596469195
"69",2022-05-03 13:00:00,4.02364051831648
"70",2022-05-03 14:00:00,4.2352627156388
"71",2022-05-03 15:00:00,5.43112051432565
"72",2022-05-03 16:00:00,5.49075949720739
"73",2022-05-03 17:00:00,4.42072071401945
"74",2022-05-03 18:00:00,5.13754281149487
"75",2022-05-03 19:00:00,5.54193359219624
"76",2022-05-03 20:00:00,5.70815320900214
"77",2022-05-03 21:00:00,5.88668539001587
"78",2022-05-03 22:00:00,5.8924569044883
"79",2022-05-03 23:00:00,4.87205314576323
"80",2022-05-04 00:00:00,5.73162403452334
"81",2022-05-04 01:00:00,6.25644708388269
"82",2022-05-04 02:00:00,7.72818327435154
"83",2022-05-04 03:00:00,7.25684292577002
"84",2022-05-04 04:00:00,7.17642649078753
"85",2022-05-04 05:00:00,7.4630783762514
"86",2022-05-04 06:00:00,7.34726331917137
"87",2022-05-04 07:00:00,7.97366502324543
"88",2022-05-04 08:00:00,8.17220512109692
"89",2022-05-04 09:00:00,7.48962734282456
"90",2022-05-04 10:00:00,6.85822365954107
"91",2022-05-04 11:00:00,6.45460241410268
"92",2022-05-04 12:00:00,6.5007745298821
"93",2022-05-04 13:00:00,6.12331748338538
"94",2022-05-04 14:00:00,6.88438785848273
"95",2022-05-04 15:00:00,8.13334359031591
"96",2022-05-04 16:00:00,7.92172139299359
"97",2022-05-04 17:00:00,8.36805184552794
"98",2022-05-04 18:00:00,8.85516766700076
"99",2022-05-04 19:00:00,9.22646843139356
"100",2022-05-04 20:00:00,9.31688882479491
"101",2022-05-04 21:00:00,9.80862185784568
"102",2022-05-04 22:00:00,9.92520645018871
"103",2022-05-04 23:00:00,9.99177125043736
"104",2022-05-05 00:00:00,9.99331032096334
"105",2022-05-05 01:00:00,9.91828063282179
"106",2022-05-05 02:00:00,9.67587702497987
"107",2022-05-05 03:00:00,9.61162083052018
"108",2022-05-05 04:00:00,9.43193434661196
"109",2022-05-05 05:00:00,9.96291367807523
"110",2022-05-05 06:00:00,9.16221223693387
"111",2022-05-05 07:00:00,8.58736939548016
"112",2022-05-05 08:00:00,8.56158996416998
"113",2022-05-05 09:00:00,7.8740102066882
"114",2022-05-05 10:00:00,7.22144430367246
"115",2022-05-05 11:00:00,7.02829095266191
"116",2022-05-05 12:00:00,7.37958380021696
"117",2022-05-05 13:00:00,7.36496263022014
"118",2022-05-05 14:00:00,7.30109120339195
"119",2022-05-05 15:00:00,7.24145222051021
"120",2022-05-05 16:00:00,7.87054729800474
"121",2022-05-05 17:00:00,8.04638610559801
"122",2022-05-05 18:00:00,8.77705983780725
"123",2022-05-05 19:00:00,9.25098862318248
"124",2022-05-05 20:00:00,8.92596491119587
"125",2022-05-05 21:00:00,8.38998360052316
"126",2022-05-05 22:00:00,7.37265798285005
"127",2022-05-05 23:00:00,6.52809303171825
"128",2022-05-06 00:00:00,6.70893381852096
"129",2022-05-06 01:00:00,6.94171823557551
"130",2022-05-06 02:00:00,6.96249568767624
"131",2022-05-06 03:00:00,6.64852530037622
"132",2022-05-06 04:00:00,6.77703768929559
"133",2022-05-06 05:00:00,7.02675188213593
"134",2022-05-06 06:00:00,6.92017124821178
"135",2022-05-06 07:00:00,5.88937876343634
"136",2022-05-06 08:00:00,5.04212043888408
"137",2022-05-06 09:00:00,4.54230728557191
"138",2022-05-06 10:00:00,4.37608766876601
"139",2022-05-06 11:00:00,4.37454859824003
"140",2022-05-06 12:00:00,4.06634972541244
"141",2022-05-06 13:00:00,4.12021719382176
"142",2022-05-06 14:00:00,4.3141400800953
"143",2022-05-06 15:00:00,4.92399677601507
"144",2022-05-06 16:00:00,5.53154486614587
"145",2022-05-06 17:00:00,5.11830442992011
"146",2022-05-06 18:00:00,4.92745968469853
"147",2022-05-06 19:00:00,4.83126777682475
"148",2022-05-06 20:00:00,4.75239041236825
"149",2022-05-06 21:00:00,4.83357638261372
"150",2022-05-06 22:00:00,4.70737259948332
"151",2022-05-06 23:00:00,4.73930831289741
"152",2022-05-07 00:00:00,4.25527063247655
"153",2022-05-07 01:00:00,3.81471169441463
"154",2022-05-07 02:00:00,3.36799647424879
"155",2022-05-07 03:00:00,3.25525955822072
"156",2022-05-07 04:00:00,3.4614950087021
"157",2022-05-07 05:00:00,3.72813897732822
"158",2022-05-07 06:00:00,3.83048716730593
"159",2022-05-07 07:00:00,4.07981659251477
"160",2022-05-07 08:00:00,4.49382656400352
"161",2022-05-07 09:00:00,4.55269601162228
"162",2022-05-07 10:00:00,4.20525084038218
"163",2022-05-07 11:00:00,4.09020531856514
"164",2022-05-07 12:00:00,4.34068904666846
"165",2022-05-07 13:00:00,4.28951495167961
"166",2022-05-07 14:00:00,4.17446942986257
"167",2022-05-07 15:00:00,4.09559206540607
"168",2022-05-07 16:00:00,3.98439421990398
"169",2022-05-07 17:00:00,4.01094318647714
"170",2022-05-07 18:00:00,4.19986409354125
"171",2022-05-07 19:00:00,4.22525875721993
"172",2022-05-07 20:00:00,4.22641306011441
"173",2022-05-07 21:00:00,4.16138733039173
"174",2022-05-07 22:00:00,4.28913018404812
"175",2022-05-07 23:00:00,4.27181564063084
"176",2022-05-08 00:00:00,4.15215290723585
"177",2022-05-08 01:00:00,4.34646056114089
"178",2022-05-08 02:00:00,4.29913414246699
"179",2022-05-08 03:00:00,4.42264455217692
"180",2022-05-08 04:00:00,4.77509170262646
"181",2022-05-08 05:00:00,4.86474256076482
"182",2022-05-08 06:00:00,5.13215606465393
"183",2022-05-08 07:00:00,4.59732905687571
"184",2022-05-08 08:00:00,4.4795901616382
"185",2022-05-08 09:00:00,5.39995433617454
"186",2022-05-08 10:00:00,6.08099304392091
"187",2022-05-08 11:00:00,6.48499905699079
"188",2022-05-08 12:00:00,6.73625232035711
"189",2022-05-08 13:00:00,5.67429365743057
"190",2022-05-08 14:00:00,5.51923230193803
"191",2022-05-08 15:00:00,5.53577731009232
"192",2022-05-08 16:00:00,5.52461904877896
"193",2022-05-08 17:00:00,5.99634416499199
"194",2022-05-08 18:00:00,6.9182474100543
"195",2022-05-08 19:00:00,7.89517242642043
"196",2022-05-08 20:00:00,6.90016333137403
"197",2022-05-08 21:00:00,6.04136197787691
"198",2022-05-08 22:00:00,4.57847544293245
"199",2022-05-08 23:00:00,3.96977304990716
"200",2022-05-09 00:00:00,4.01055841884564
"201",2022-05-09 01:00:00,4.18293431775546
"202",2022-05-09 02:00:00,4.15715488644529
"203",2022-05-09 03:00:00,4.19101443801686
"204",2022-05-09 04:00:00,3.99478294595435
"205",2022-05-09 05:00:00,3.5800034392026
"206",2022-05-09 06:00:00,3.54768295815701
"207",2022-05-09 07:00:00,3.7300628154857
"208",2022-05-09 08:00:00,3.90089964386953
"209",2022-05-09 09:00:00,3.94976513306942
"210",2022-05-09 10:00:00,3.95322804175287
"211",2022-05-09 11:00:00,4.17716280328303
"212",2022-05-09 12:00:00,4.27066133773635
"213",2022-05-09 13:00:00,4.50921726926333
"214",2022-05-09 14:00:00,4.58309265451039
"215",2022-05-09 15:00:00,4.4880550495311
"216",2022-05-09 16:00:00,4.69390573238099
"217",2022-05-09 17:00:00,5.01210856362746
"218",2022-05-09 18:00:00,5.67467842506206
"219",2022-05-09 19:00:00,6.02019975814468
"220",2022-05-09 20:00:00,6.5242453554033
"221",2022-05-09 21:00:00,6.34763701254703
"222",2022-05-09 22:00:00,6.54079036355759
"223",2022-05-09 23:00:00,7.27146409576683
"224",2022-05-10 00:00:00,9.00291843749489
"225",2022-05-10 01:00:00,8.61853557363126
"226",2022-05-10 02:00:00,7.53656899386697
"227",2022-05-10 03:00:00,6.85168260980565
"228",2022-05-10 04:00:00,7.02367374108397
"229",2022-05-10 05:00:00,5.87937480501747
"230",2022-05-10 06:00:00,5.03288601572819
"231",2022-05-10 07:00:00,4.17831710617752
"232",2022-05-10 08:00:00,3.90897976413093
"233",2022-05-10 09:00:00,3.96169292964576
"234",2022-05-10 10:00:00,3.95284327412138
"235",2022-05-10 11:00:00,4.05865437278254
"236",2022-05-10 12:00:00,4.07442984567384
"237",2022-05-10 13:00:00,4.01363655989761
"238",2022-05-10 14:00:00,4.49651993742399
"239",2022-05-10 15:00:00,4.5111411074208
"240",2022-05-10 16:00:00,4.66697199817633
"241",2022-05-10 17:00:00,4.95708679232365
"242",2022-05-10 18:00:00,5.04250520651557
"243",2022-05-10 19:00:00,5.98480113604713
"244",2022-05-10 20:00:00,7.80936924459701
"245",2022-05-10 21:00:00,7.95865908561712
"246",2022-05-10 22:00:00,8.54081251206925
"247",2022-05-10 23:00:00,9.03754752432945
"248",2022-05-11 00:00:00,9.13373943220324
"249",2022-05-11 01:00:00,9.32419940979332
"250",2022-05-11 02:00:00,9.06832893484906
"251",2022-05-11 03:00:00,8.40883721446642
"252",2022-05-11 04:00:00,8.60545347416043
"253",2022-05-11 05:00:00,6.18988228363403
"254",2022-05-11 06:00:00,4.5900184718773
"255",2022-05-11 07:00:00,4.14407278697445
"256",2022-05-11 08:00:00,3.89936057334355
"257",2022-05-11 09:00:00,3.91821418728682
"258",2022-05-11 10:00:00,3.77315679021315
"259",2022-05-11 11:00:00,4.22564352485142
"260",2022-05-11 12:00:00,4.94631329864179
"261",2022-05-11 13:00:00,5.88360724896391
"262",2022-05-11 14:00:00,8.33727043500832
"263",2022-05-11 15:00:00,6.77357478061214
"264",2022-05-11 16:00:00,8.05215762007044
"265",2022-05-11 17:00:00,7.86285194537484
"266",2022-05-11 18:00:00,8.53465622996532
"267",2022-05-11 19:00:00,9.51889183132985
"268",2022-05-11 20:00:00,10.332675371942
"269",2022-05-11 21:00:00,9.15874932825042
"270",2022-05-11 22:00:00,9.19568702087395
"271",2022-05-11 23:00:00,9.44655551660877
"272",2022-05-12 00:00:00,8.88479477462589
"273",2022-05-12 01:00:00,9.12912222062529
"274",2022-05-12 02:00:00,9.08602824589784
"275",2022-05-12 03:00:00,8.44385106893247
"276",2022-05-12 04:00:00,7.24645419971965
"277",2022-05-12 05:00:00,4.62811046739532
"278",2022-05-12 06:00:00,4.19870979064676
"279",2022-05-12 07:00:00,3.85934473966806
"280",2022-05-12 08:00:00,3.68850791128423
"281",2022-05-12 09:00:00,3.49496979264218
"282",2022-05-12 10:00:00,3.78239121336904
"283",2022-05-12 11:00:00,4.05095902015263
"284",2022-05-12 12:00:00,4.26912226721037
"285",2022-05-12 13:00:00,3.93475919544111
"286",2022-05-12 14:00:00,3.47804001685639
"287",2022-05-12 15:00:00,3.26064630506165
"288",2022-05-12 16:00:00,3.72659990680224
"289",2022-05-12 17:00:00,3.83164147020041
"290",2022-05-12 18:00:00,4.25373156195056
"291",2022-05-12 19:00:00,4.46266038585242
"292",2022-05-12 20:00:00,4.62541709397486
"293",2022-05-12 21:00:00,4.54692449714985
"294",2022-05-12 22:00:00,4.31260100956932
"295",2022-05-12 23:00:00,4.24680574458365
"296",2022-05-13 00:00:00,4.33376322930155
"297",2022-05-13 01:00:00,4.27220040826233
"298",2022-05-13 02:00:00,4.26065737931748
"299",2022-05-13 03:00:00,4.07558414856832
"300",2022-05-13 04:00:00,4.1329145256611
"301",2022-05-13 05:00:00,4.11175230592886
"302",2022-05-13 06:00:00,3.9039777849215
"303",2022-05-13 07:00:00,4.17100652117911
"304",2022-05-13 08:00:00,4.12714301118867
"305",2022-05-13 09:00:00,4.14868999855239
"306",2022-05-13 10:00:00,4.18062571196649
"307",2022-05-13 11:00:00,3.83856728756732
"308",2022-05-13 12:00:00,3.77585016363362
"309",2022-05-13 13:00:00,3.82856332914845
"310",2022-05-13 14:00:00,4.12098672908475
"311",2022-05-13 15:00:00,3.88512417097823
"312",2022-05-13 16:00:00,3.80162959494379
"313",2022-05-13 17:00:00,4.58924893661431
"314",2022-05-13 18:00:00,4.23987992721674
"315",2022-05-13 19:00:00,4.45534980085401
"316",2022-05-13 20:00:00,4.53307286241603
"317",2022-05-13 21:00:00,4.88552001286556
"318",2022-05-13 22:00:00,4.84896708787352
"319",2022-05-13 23:00:00,4.693136197118
"320",2022-05-14 00:00:00,4.38647639481638
"321",2022-05-14 01:00:00,4.32375927088268
"322",2022-05-14 02:00:00,5.03288601572819
"323",2022-05-14 03:00:00,4.98209668837084
"324",2022-05-14 04:00:00,5.54924417719465
"325",2022-05-14 05:00:00,5.08829255466349
"326",2022-05-14 06:00:00,4.96247353916459
"327",2022-05-14 07:00:00,4.58770986608833
"328",2022-05-14 08:00:00,4.72891958684704
"329",2022-05-14 09:00:00,3.83202623783191
"330",2022-05-14 10:00:00,3.78162167810605
"331",2022-05-14 11:00:00,3.825100420465
"332",2022-05-14 12:00:00,3.93668303359858
"333",2022-05-14 13:00:00,3.94822606254344
"334",2022-05-14 14:00:00,3.76700050810923
"335",2022-05-14 15:00:00,3.85588183098461
"336",2022-05-14 16:00:00,4.00786504542518
"337",2022-05-14 17:00:00,4.45804317427448
"338",2022-05-14 18:00:00,4.58424695740488
"339",2022-05-14 19:00:00,4.94400469285282
"340",2022-05-14 20:00:00,5.39456758933361
"341",2022-05-14 21:00:00,5.10907000676423
"342",2022-05-14 22:00:00,5.99365079157152
"343",2022-05-14 23:00:00,6.15486842916798
"344",2022-05-15 00:00:00,6.23797823757092
"345",2022-05-15 01:00:00,6.04597918945486
"346",2022-05-15 02:00:00,6.10638770759959
"347",2022-05-15 03:00:00,6.29800198808416
"348",2022-05-15 04:00:00,6.3191642078164
"349",2022-05-15 05:00:00,6.26452720414409
"350",2022-05-15 06:00:00,6.08676455839334
"351",2022-05-15 07:00:00,6.27799407124642
"352",2022-05-15 08:00:00,6.01288917314628
"353",2022-05-15 09:00:00,5.03788799493763
"354",2022-05-15 10:00:00,5.42342516169574
"355",2022-05-15 11:00:00,5.47536879194759
"356",2022-05-15 12:00:00,5.45382180458386
"357",2022-05-15 13:00:00,5.63119968270311
"358",2022-05-15 14:00:00,6.074067226554
"359",2022-05-15 15:00:00,6.04482488656037
"360",2022-05-15 16:00:00,6.10138572839015
"361",2022-05-15 17:00:00,6.34648270965255
"362",2022-05-15 18:00:00,6.50154406514508
"363",2022-05-15 19:00:00,7.76165805829162
"364",2022-05-15 20:00:00,7.46423267914589
"365",2022-05-15 21:00:00,7.60120995595815
"366",2022-05-15 22:00:00,7.85246321932447
"367",2022-05-15 23:00:00,8.34342671711225
"368",2022-05-16 00:00:00,8.91442188225101
"369",2022-05-16 01:00:00,8.68317653572244
"370",2022-05-16 02:00:00,8.86901930173459
"371",2022-05-16 03:00:00,8.5527403086456
"372",2022-05-16 04:00:00,8.86555639305113
"373",2022-05-16 05:00:00,8.34034857606029
"374",2022-05-16 06:00:00,7.92980151325499
"375",2022-05-16 07:00:00,8.32457310316899
"376",2022-05-16 08:00:00,7.90786975825977
"377",2022-05-16 09:00:00,7.26684688418889
"378",2022-05-16 10:00:00,7.22029000077798
"379",2022-05-16 11:00:00,7.33302691680605
"380",2022-05-16 12:00:00,6.58927108512597
"381",2022-05-16 13:00:00,6.46960835173099
"382",2022-05-16 14:00:00,6.3264747928148
"383",2022-05-16 15:00:00,5.7108465824226
"384",2022-05-16 16:00:00,5.91438865948352
"385",2022-05-16 17:00:00,5.76933126240986
"386",2022-05-16 18:00:00,5.73893461952175
"387",2022-05-16 19:00:00,6.81436014955062
"388",2022-05-16 20:00:00,6.42266670068858
"389",2022-05-16 21:00:00,6.2479821959898
"390",2022-05-16 22:00:00,6.03905337208794
"391",2022-05-16 23:00:00,5.81281000476881
"392",2022-05-17 00:00:00,5.68006517190299
"393",2022-05-17 01:00:00,5.69661018005728
"394",2022-05-17 02:00:00,5.75471009241305
"395",2022-05-17 03:00:00,5.8139643076633
"396",2022-05-17 04:00:00,5.77587231214528
"397",2022-05-17 05:00:00,5.60657455428742
"398",2022-05-17 06:00:00,5.14947060807122
"399",2022-05-17 07:00:00,4.8666663989223
"400",2022-05-17 08:00:00,4.76778111762805
"401",2022-05-17 09:00:00,4.63234291134177
"402",2022-05-17 10:00:00,4.75392948289423
"403",2022-05-17 11:00:00,4.77278309683749
"404",2022-05-17 12:00:00,4.90475839444032
"405",2022-05-17 13:00:00,4.96208877153309
"406",2022-05-17 14:00:00,5.14831630517673
"407",2022-05-17 15:00:00,5.00479797862905
"408",2022-05-17 16:00:00,5.14793153754524
"409",2022-05-17 17:00:00,5.23142611357968
"410",2022-05-17 18:00:00,5.35455175565812
"411",2022-05-17 19:00:00,5.67621749558804
"412",2022-05-17 20:00:00,6.04828779524383
"413",2022-05-17 21:00:00,6.44382892042082
"414",2022-05-17 22:00:00,7.38035333547995
"415",2022-05-17 23:00:00,10.5204419761117
"416",2022-05-18 00:00:00,9.23070087534
"417",2022-05-18 01:00:00,8.44692920998444
"418",2022-05-18 02:00:00,8.75705192096951
"419",2022-05-18 03:00:00,9.7597563686458
"420",2022-05-18 04:00:00,10.2880423266886
"421",2022-05-18 05:00:00,8.24377190055501
"422",2022-05-18 06:00:00,6.59042538802046
"423",2022-05-18 07:00:00,5.45613041037283
"424",2022-05-18 08:00:00,5.57425407324183
"425",2022-05-18 09:00:00,5.38956561012417
"426",2022-05-18 10:00:00,5.27913729988507
"427",2022-05-18 11:00:00,5.28798695540946
"428",2022-05-18 12:00:00,6.64313855353529
"429",2022-05-18 13:00:00,5.48960519431291
"430",2022-05-18 14:00:00,5.18602353306325
"431",2022-05-18 15:00:00,5.51076741404514
"432",2022-05-18 16:00:00,6.13447574469874
"433",2022-05-18 17:00:00,6.5792671267071
"434",2022-05-18 18:00:00,7.28877863918411
"435",2022-05-18 19:00:00,8.92173246724942
"436",2022-05-18 20:00:00,10.095658510941
"437",2022-05-18 21:00:00,10.8609613299848
"438",2022-05-18 22:00:00,11.1529999622897
"439",2022-05-18 23:00:00,11.2557329198988
"440",2022-05-19 00:00:00,11.3888625203962
"441",2022-05-19 01:00:00,12.8117332216651
"442",2022-05-19 02:00:00,13.2657590268294
"443",2022-05-19 03:00:00,13.6301339738553
"444",2022-05-19 04:00:00,13.5985830280727
"445",2022-05-19 05:00:00,13.9017799216908
"446",2022-05-19 06:00:00,13.215739234735
"447",2022-05-19 07:00:00,11.9152246402815
"448",2022-05-19 08:00:00,11.0687358509922
"449",2022-05-19 09:00:00,10.7963203678937
"450",2022-05-19 10:00:00,10.0975823490985
"451",2022-05-19 11:00:00,9.80977616074017
"452",2022-05-19 12:00:00,9.40538538003879
"453",2022-05-19 13:00:00,8.3472743934272
"454",2022-05-19 14:00:00,8.7335810954483
"455",2022-05-19 15:00:00,9.02331112196413
"456",2022-05-19 16:00:00,9.73820938128208
"457",2022-05-19 17:00:00,10.4788870719102
"458",2022-05-19 18:00:00,10.4777327690157
"459",2022-05-19 19:00:00,10.4146308774505
"460",2022-05-19 20:00:00,10.6023974816201
"461",2022-05-19 21:00:00,11.0618100336253
"462",2022-05-19 22:00:00,11.1056735436157
"463",2022-05-19 23:00:00,9.87711049625182
"464",2022-05-20 00:00:00,9.27379485006746
"465",2022-05-20 01:00:00,9.4915733294937
"466",2022-05-20 02:00:00,9.62354862709653
"467",2022-05-20 03:00:00,8.98714296460359
"468",2022-05-20 04:00:00,8.14065417531432
"469",2022-05-20 05:00:00,8.4342318781451
"470",2022-05-20 06:00:00,7.12563716343018
"471",2022-05-20 07:00:00,7.07831074475628
"472",2022-05-20 08:00:00,7.38266194126892
"473",2022-05-20 09:00:00,7.11447890211682
"474",2022-05-20 10:00:00,6.29877152334715
"475",2022-05-20 11:00:00,5.89014829869933
"476",2022-05-20 12:00:00,5.8455152534459
"477",2022-05-20 13:00:00,5.86821654370411
"478",2022-05-20 14:00:00,6.23836300520242
"479",2022-05-20 15:00:00,6.4765341690979
"480",2022-05-20 16:00:00,6.62736308064399
"481",2022-05-20 17:00:00,6.82282503744351
"482",2022-05-20 18:00:00,7.16603776473717
"483",2022-05-20 19:00:00,7.43306650099478
"484",2022-05-20 20:00:00,7.56811993964957
"485",2022-05-20 21:00:00,7.12486762816719
"486",2022-05-20 22:00:00,7.03906444634377
"487",2022-05-20 23:00:00,7.17565695552454
"488",2022-05-21 00:00:00,7.41113474599956
"489",2022-05-21 01:00:00,7.67277673541625
"490",2022-05-21 02:00:00,7.7397263032964
"491",2022-05-21 03:00:00,7.62506554911085
"492",2022-05-21 04:00:00,7.7239508304051
"493",2022-05-21 05:00:00,8.57659590179829
"494",2022-05-21 06:00:00,8.0783218190121
"495",2022-05-21 07:00:00,6.52347582014031
"496",2022-05-21 08:00:00,6.15640749969396
"497",2022-05-21 09:00:00,5.95517402842201
"498",2022-05-21 10:00:00,6.02943418130057
"499",2022-05-21 11:00:00,5.78318289714369
"500",2022-05-21 12:00:00,5.94593960526612
"501",2022-05-21 13:00:00,6.62582401011801
"502",2022-05-21 14:00:00,7.1240980929042
"503",2022-05-21 15:00:00,7.00982210635014
"504",2022-05-21 16:00:00,6.92594276268421
"505",2022-05-21 17:00:00,7.18989335788986
"506",2022-05-21 18:00:00,6.82167073454903
"507",2022-05-21 19:00:00,6.31724036965892
"508",2022-05-21 20:00:00,6.03212755472103
"509",2022-05-21 21:00:00,5.94709390816061
"510",2022-05-21 22:00:00,5.75394055715006
"511",2022-05-21 23:00:00,5.98133822736368
"512",2022-05-22 00:00:00,6.0736824589225
"513",2022-05-22 01:00:00,5.94209192895117
"514",2022-05-22 02:00:00,5.73431740794381
"515",2022-05-22 03:00:00,5.85051723265533
"516",2022-05-22 04:00:00,5.86436886738916
"517",2022-05-22 05:00:00,5.80857756082236
"518",2022-05-22 06:00:00,5.38148548986278
"519",2022-05-22 07:00:00,5.01249333125895
"520",2022-05-22 08:00:00,4.8031797397256
"521",2022-05-22 09:00:00,3.98631805806145
"522",2022-05-22 10:00:00,3.84433880203975
"523",2022-05-22 11:00:00,3.70005094022908
"524",2022-05-22 12:00:00,3.65426359208116
"525",2022-05-22 13:00:00,3.75622701442737
"526",2022-05-22 14:00:00,3.82856332914845
"527",2022-05-22 15:00:00,3.26564828427108
"528",2022-05-22 16:00:00,3.20793313954681
"529",2022-05-22 17:00:00,3.35953158635589
"530",2022-05-22 18:00:00,3.54306574657907
"531",2022-05-22 19:00:00,3.66311324760555
"532",2022-05-22 20:00:00,3.94976513306942
"533",2022-05-22 21:00:00,4.00055446042677
"534",2022-05-22 22:00:00,4.06673449304393
"535",2022-05-22 23:00:00,4.2825891343127
"536",2022-05-23 00:00:00,4.29682553667802
"537",2022-05-23 01:00:00,3.92244663123326
"538",2022-05-23 02:00:00,4.41187105849506
"539",2022-05-23 03:00:00,4.27296994352532
"540",2022-05-23 04:00:00,3.65695696550163
"541",2022-05-23 05:00:00,3.47303803764696
"542",2022-05-23 06:00:00,3.30027737110564
"543",2022-05-23 07:00:00,4.12906684934614
"544",2022-05-23 08:00:00,3.84510833730274
"545",2022-05-23 09:00:00,3.5719233189412
"546",2022-05-23 10:00:00,3.29796876531667
"547",2022-05-23 11:00:00,3.41224475187073
"548",2022-05-23 12:00:00,3.13636636008872
"549",2022-05-23 13:00:00,3.11943658430294
"550",2022-05-23 14:00:00,3.37992427082514
"551",2022-05-23 15:00:00,3.53460085868618
"552",2022-05-23 16:00:00,3.62386694919305
"553",2022-05-23 17:00:00,3.88589370624122
"554",2022-05-23 18:00:00,4.28451297247017
"555",2022-05-23 19:00:00,4.33491753219604
"556",2022-05-23 20:00:00,4.38609162718489
"557",2022-05-23 21:00:00,4.60733301529458
"558",2022-05-23 22:00:00,4.77008972341702
"559",2022-05-23 23:00:00,4.95477818653468
"560",2022-05-24 00:00:00,5.29221939935591
"561",2022-05-24 01:00:00,5.32069220408655
"562",2022-05-24 02:00:00,5.90323039817017
"563",2022-05-24 03:00:00,5.59810966639453
"564",2022-05-24 04:00:00,5.61426990691733
"565",2022-05-24 05:00:00,6.36187341491235
"566",2022-05-24 06:00:00,6.03020371656356
"567",2022-05-24 07:00:00,5.916312497641
"568",2022-05-24 08:00:00,5.75663393057052
"569",2022-05-24 09:00:00,5.31953790119206
"570",2022-05-24 10:00:00,4.88667431576004
"571",2022-05-24 11:00:00,4.59540521871824
"572",2022-05-24 12:00:00,4.3537711461393
"573",2022-05-24 13:00:00,4.61810650897645
"574",2022-05-24 14:00:00,4.70698783185182
"575",2022-05-24 15:00:00,4.6773607242267
"576",2022-05-24 16:00:00,4.57770590766946
"577",2022-05-24 17:00:00,5.4745992566846
"578",2022-05-24 18:00:00,4.54730926478134
"579",2022-05-24 19:00:00,4.27951099326074
"580",2022-05-24 20:00:00,3.51382340658544
"581",2022-05-24 21:00:00,3.87396590966488
"582",2022-05-24 22:00:00,4.04249413225974
"583",2022-05-24 23:00:00,4.29759507194101
"584",2022-05-25 00:00:00,4.43803525743673
"585",2022-05-25 01:00:00,4.03710738541881
"586",2022-05-25 02:00:00,4.75970099736665
"587",2022-05-25 03:00:00,5.39110468065015
"588",2022-05-25 04:00:00,5.48537275036646
"589",2022-05-25 05:00:00,6.15025121759004
"590",2022-05-25 06:00:00,6.26952918335352
"591",2022-05-25 07:00:00,6.60235318459681
"592",2022-05-25 08:00:00,7.00405059187772
"593",2022-05-25 09:00:00,7.29993690049747
"594",2022-05-25 10:00:00,6.74856488456495
"595",2022-05-25 11:00:00,6.80666479692072
"596",2022-05-25 12:00:00,6.96057184951877
"597",2022-05-25 13:00:00,7.81898843538439
"598",2022-05-25 14:00:00,5.94132239368818
"599",2022-05-25 15:00:00,4.25757923826552
"600",2022-05-25 16:00:00,4.16523500670669
"601",2022-05-25 17:00:00,4.09059008619663
"602",2022-05-25 18:00:00,4.92361200838358
"603",2022-05-25 19:00:00,5.74893857794062
"604",2022-05-25 20:00:00,7.13102391027111
"605",2022-05-25 21:00:00,8.78475519043716
"606",2022-05-25 22:00:00,9.01753960749171
"607",2022-05-25 23:00:00,9.26494519454307
"608",2022-05-26 00:00:00,8.75628238570652
"609",2022-05-26 01:00:00,8.00406166613355
"610",2022-05-26 02:00:00,6.89708519032207
"611",2022-05-26 03:00:00,6.22297229994261
"612",2022-05-26 04:00:00,5.13061699412795
"613",2022-05-26 05:00:00,5.18602353306325
"614",2022-05-26 06:00:00,4.87974849839313
"615",2022-05-26 07:00:00,4.83819359419166
"616",2022-05-26 08:00:00,4.7481579684218
"617",2022-05-26 09:00:00,4.51768215715622
"618",2022-05-26 10:00:00,4.98248145600233
"619",2022-05-26 11:00:00,5.19525795621914
"620",2022-05-26 12:00:00,3.50458898342956
"621",2022-05-26 13:00:00,3.73121711838018
"622",2022-05-26 14:00:00,3.390697764507
"623",2022-05-26 15:00:00,3.40339509634634
"624",2022-05-26 16:00:00,3.86357718361451
"625",2022-05-26 17:00:00,4.03325970910386
"626",2022-05-26 18:00:00,4.12329533487372
"627",2022-05-26 19:00:00,4.0221014477905
"628",2022-05-26 20:00:00,3.91282744044588
"629",2022-05-26 21:00:00,3.60078089130334
"630",2022-05-26 22:00:00,3.59731798261988
"631",2022-05-26 23:00:00,3.57269285420419
"632",2022-05-27 00:00:00,3.75584224679587
"633",2022-05-27 01:00:00,3.99208957253388
"634",2022-05-27 02:00:00,4.10598079145644
"635",2022-05-27 03:00:00,5.01133902836447
"636",2022-05-27 04:00:00,4.52422320689164
"637",2022-05-27 05:00:00,4.78086321709889
"638",2022-05-27 06:00:00,5.08867732229499
"639",2022-05-27 07:00:00,5.35955373486755
"640",2022-05-27 08:00:00,5.57079116455838
"641",2022-05-27 09:00:00,5.30260812540627
"642",2022-05-27 10:00:00,5.245662515945
"643",2022-05-27 11:00:00,5.09829651308236
"644",2022-05-27 12:00:00,4.93477026969694
"645",2022-05-27 13:00:00,4.62233895292289
"646",2022-05-27 14:00:00,4.50998680452632
"647",2022-05-27 15:00:00,4.5034457547909
"648",2022-05-27 16:00:00,4.4484239834871
"649",2022-05-27 17:00:00,4.54730926478135
"650",2022-05-27 18:00:00,4.82818963577279
"651",2022-05-27 19:00:00,4.97170796232047
"652",2022-05-27 20:00:00,4.78047844946739
"653",2022-05-27 21:00:00,4.9059126973348
"654",2022-05-27 22:00:00,5.34685640302821
"655",2022-05-27 23:00:00,5.71353995584307
"656",2022-05-28 00:00:00,5.35301268513214
"657",2022-05-28 01:00:00,5.61696328033779
"658",2022-05-28 02:00:00,6.75702977245785
"659",2022-05-28 03:00:00,6.0744519941855
"660",2022-05-28 04:00:00,5.62619770349368
"661",2022-05-28 05:00:00,5.17717387753886
"662",2022-05-28 06:00:00,4.71737655790219
"663",2022-05-28 07:00:00,4.45727363901149
"664",2022-05-28 08:00:00,4.18947536749088
"665",2022-05-28 09:00:00,3.84549310493424
"666",2022-05-28 10:00:00,3.88589370624122
"667",2022-05-28 11:00:00,4.25257725905608
"668",2022-05-28 12:00:00,4.34107381429996
"669",2022-05-28 13:00:00,4.30990763614885
"670",2022-05-28 14:00:00,4.39147837402582
"671",2022-05-28 15:00:00,4.56346950530414
"672",2022-05-28 16:00:00,4.59540521871824
"673",2022-05-28 17:00:00,4.89436966838995
"674",2022-05-28 18:00:00,5.18833213885222
"675",2022-05-28 19:00:00,5.63004537980863
"676",2022-05-28 20:00:00,6.45845009041763
"677",2022-05-28 21:00:00,6.92440369215823
"678",2022-05-28 22:00:00,7.37958380021696
"679",2022-05-28 23:00:00,7.65507742436747
"680",2022-05-29 00:00:00,7.58620401832984
"681",2022-05-29 01:00:00,7.7235660627736
"682",2022-05-29 02:00:00,7.70625151935632
"683",2022-05-29 03:00:00,7.65469265673597
"684",2022-05-29 04:00:00,7.75781038197667
"685",2022-05-29 05:00:00,7.05753329265554
"686",2022-05-29 06:00:00,5.994805094466
"687",2022-05-29 07:00:00,5.47613832721058
"688",2022-05-29 08:00:00,5.00441321099755
"689",2022-05-29 09:00:00,5.33031139487392
"690",2022-05-29 10:00:00,5.53269916904036
"691",2022-05-29 11:00:00,5.5688673264009
"692",2022-05-29 12:00:00,5.82012058976722
"693",2022-05-29 13:00:00,5.83512652739553
"694",2022-05-29 14:00:00,5.90515423632764
"695",2022-05-29 15:00:00,5.85167153554982
"696",2022-05-29 16:00:00,6.28915233255978
"697",2022-05-29 17:00:00,6.56002874513234
"698",2022-05-29 18:00:00,7.37842949732247
"699",2022-05-29 19:00:00,8.79129624017257
"700",2022-05-29 20:00:00,9.3022676547981
"701",2022-05-29 21:00:00,10.2249404351234
"702",2022-05-29 22:00:00,10.6274073776673
"703",2022-05-29 23:00:00,12.0006430544734
"704",2022-05-30 00:00:00,11.4738961669566
"705",2022-05-30 01:00:00,11.679362082175
"706",2022-05-30 02:00:00,11.3811671677663
"707",2022-05-30 03:00:00,10.7890097828953
"708",2022-05-30 04:00:00,10.5816200295194
"709",2022-05-30 05:00:00,11.0117902415309
"710",2022-05-30 06:00:00,9.66702736945548
"711",2022-05-30 07:00:00,8.49579469918432
"712",2022-05-30 08:00:00,7.06676771581142
"713",2022-05-30 09:00:00,6.47845800725538
"714",2022-05-30 10:00:00,6.32031851071088
"715",2022-05-30 11:00:00,6.27683976835193
"716",2022-05-30 12:00:00,7.1475689184254
"717",2022-05-30 13:00:00,7.46384791151439
"718",2022-05-30 14:00:00,7.78743748960179
"719",2022-05-30 15:00:00,7.43268173336329
"720",2022-05-30 16:00:00,5.45228273405788
